﻿Orden.fastq,FASTQ_BAM_Dir,FASTQ_files_names1,FASTQ_files_names2,BAM_files_names,Sample.Identifier,Patient_number,Patient_number.G1,Patient_number.G2,Patient_number.G3,Tissue.Column,Concentration
1,Lab_RNA_seq_2024_Oct_2/22153-04-10142024_141942/,22153R-04-01_S175_L006_R1_001.fastq.gz,22153R-04-01_S175_L006_R2_001.fastq.gz,22153R-04-01_S175_L006.genome.bam,22153R-04-01_S175_L006.vcf,WT1,A,A,A,??skin,??ng/ul
2,Lab_RNA_seq_2024_Oct_2/22153-04-10142024_141942/,22153R-04-02_S176_L006_R1_001.fastq.gz,22153R-04-02_S176_L006_R2_001.fastq.gz,22153R-04-02_S176_L006.genome.bam,22153R-04-02_S176_L006.vcf,WT2,A,A,A,??skin,??ng/ul
3,Lab_RNA_seq_2024_Oct_2/22153-04-10142024_141942/,22153R-04-03_S177_L006_R1_001.fastq.gz,22153R-04-03_S177_L006_R2_001.fastq.gz,22153R-04-03_S177_L006.genome.bam,22153R-04-03_S177_L006.vcf,WT3,A,A,A,??skin,??ng/ul
4,Lab_RNA_seq_2024_Oct_2/22153-04-10142024_141942/,22153R-04-04_S178_L006_R1_001.fastq.gz,22153R-04-04_S178_L006_R2_001.fastq.gz,22153R-04-04_S178_L006.genome.bam,22153R-04-04_S178_L006.vcf,WT4,A,A,A,??skin,??ng/ul
5,Lab_RNA_seq_2024_Oct_2/22153-04-10142024_141942/,22153R-04-05_S179_L006_R1_001.fastq.gz,22153R-04-05_S179_L006_R2_001.fastq.gz,22153R-04-05_S179_L006.genome.bam,22153R-04-05_S179_L006.vcf,WT5,A,A,A,??skin,??ng/ul
6,Lab_RNA_seq_2024_Oct_2/22153-04-10142024_141942/,22153R-04-07_S180_L006_R1_001.fastq.gz,22153R-04-07_S180_L006_R2_001.fastq.gz,22153R-04-07_S180_L006.genome.bam,22153R-04-07_S180_L006.vcf,KO1,B,A,A,??skin,??ng/ul
7,Lab_RNA_seq_2024_Oct_2/22153-04-10142024_141942/,22153R-04-08_S181_L006_R1_001.fastq.gz,22153R-04-08_S181_L006_R2_001.fastq.gz,22153R-04-08_S181_L006.genome.bam,22153R-04-08_S181_L006.vcf,KO2,B,A,A,??skin,??ng/ul
8,Lab_RNA_seq_2024_Oct_2/22153-04-10142024_141942/,22153R-04-09_S182_L006_R1_001.fastq.gz,22153R-04-09_S182_L006_R2_001.fastq.gz,22153R-04-09_S182_L006.genome.bam,22153R-04-09_S182_L006.vcf,KO3,B,A,A,??skin,??ng/ul
9,Lab_RNA_seq_2024_Oct_2/22153-04-10142024_141942/,22153R-04-10_S183_L006_R1_001.fastq.gz,22153R-04-10_S183_L006_R2_001.fastq.gz,22153R-04-10_S183_L006.genome.bam,22153R-04-10_S183_L006.vcf,KO4,B,A,A,??skin,??ng/ul
10,Lab_RNA_seq_2024_Oct_2/22153-04-10142024_141942/,22153R-04-11_S184_L006_R1_001.fastq.gz,22153R-04-11_S184_L006_R2_001.fastq.gz,22153R-04-11_S184_L006.genome.bam,22153R-04-11_S184_L006.vcf,KO5,B,A,A,??skin,??ng/ul